"Data Source","World Development Indicators",

"Last Updated Date","2023-07-25",

"Country Name","Country Code","Indicator Name","Indicator Code","1960","1961","1962","1963","1964","1965","1966","1967","1968","1969","1970","1971","1972","1973","1974","1975","1976","1977","1978","1979","1980","1981","1982","1983","1984","1985","1986","1987","1988","1989","1990","1991","1992","1993","1994","1995","1996","1997","1998","1999","2000","2001","2002","2003","2004","2005","2006","2007","2008","2009","2010","2011","2012","2013","2014","2015","2016","2017","2018","2019","2020","2021","2022",
"Aruba","ABW","Poverty gap at $6.85 a day (2017 PPP) (%)","SI.POV.UMIC.GP","","","","","","","","","","","","","","","","","","","","","","","","","","","","","","","","","","","","","","","","","","","","","","","","","","","","","","","","","","","","","","","",
"Africa Eastern and Southern","AFE","Poverty gap at $6.85 a day (2017 PPP) (%)","SI.POV.UMIC.GP","","","","","","","","","","","","","","","","","","","","","","","","","","","","","","","","","","","","","","","","","","","","","","","","","","","","","","","","","","","","","","","",
"Afghanistan","AFG","Poverty gap at $6.85 a day (2017 PPP) (%)","SI.POV.UMIC.GP","","","","","","","","","","","","","","","","","","","","","","","","","","","","","","","","","","","","","","","","","","","","","","","","","","","","","","","","","","","","","","","",
"Africa Western and Central","AFW","Poverty gap at $6.85 a day (2017 PPP) (%)","SI.POV.UMIC.GP","","","","","","","","","","","","","","","","","","","","","","","","","","","","","","","","","","","","","","","","","","","","","","","","","","","","","","","","","","","","","","","",
"Angola","AGO","Poverty gap at $6.85 a day (2017 PPP) (%)","SI.POV.UMIC.GP","","","","","","","","","","","","","","","","","","","","","","","","","","","","","","","","","","","","","","","","","35.1","","","","","","","","32.8","","","","","","","","","","44.5","","","","",
"Albania","ALB","Poverty gap at $6.85 a day (2017 PPP) (%)","SI.POV.UMIC.GP","","","","","","","","","","","","","","","","","","","","","","","","","","","","","","","","","","","","","13.9","","","","","","16.2","","","11.5","","","8.2","","","","9.5","","12.5","6.8","6.9","6.6","4.6","3.2","3.2","","",
"Andorra","AND","Poverty gap at $6.85 a day (2017 PPP) (%)","SI.POV.UMIC.GP","","","","","","","","","","","","","","","","","","","","","","","","","","","","","","","","","","","","","","","","","","","","","","","","","","","","","","","","","","","","","","","",
"Arab World","ARB","Poverty gap at $6.85 a day (2017 PPP) (%)","SI.POV.UMIC.GP","","","","","","","","","","","","","","","","","","","","","","","","","","","","","","","","","","","","","","","","","","","","","","","","","","","","","","","","","","","","","","","",
"United Arab Emirates","ARE","Poverty gap at $6.85 a day (2017 PPP) (%)","SI.POV.UMIC.GP","","","","","","","","","","","","","","","","","","","","","","","","","","","","","","","","","","","","","","","","","","","","","","","","","","","","","","0","","","","","0.1","","","","",
"Argentina","ARG","Poverty gap at $6.85 a day (2017 PPP) (%)","SI.POV.UMIC.GP","","","","","","","","","","","","","","","","","","","","","1.5","","","","","","2.1","2.8","","","","4.5","5","5.5","5.7","8.1","9.2","8.5","9.4","9.7","11.3","14.9","21.8","12.5","9.9","8","6.3","5.5","5.1","4.6","3.7","2.8","2.8","2.6","2.8","","2.8","2.5","3.1","3.7","4.5","3.4","",
"Armenia","ARM","Poverty gap at $6.85 a day (2017 PPP) (%)","SI.POV.UMIC.GP","","","","","","","","","","","","","","","","","","","","","","","","","","","","","","","","","","","","","","","","38.5","","40.5","38.2","36","29.2","23.8","20.7","17.6","15.5","19.2","19.6","18.4","17","16.5","16.1","14.2","13.7","13.8","14.4","15.2","14.1","14.4","",
"American Samoa","ASM","Poverty gap at $6.85 a day (2017 PPP) (%)","SI.POV.UMIC.GP","","","","","","","","","","","","","","","","","","","","","","","","","","","","","","","","","","","","","","","","","","","","","","","","","","","","","","","","","","","","","","","",
"Antigua and Barbuda","ATG","Poverty gap at $6.85 a day (2017 PPP) (%)","SI.POV.UMIC.GP","","","","","","","","","","","","","","","","","","","","","","","","","","","","","","","","","","","","","","","","","","","","","","","","","","","","","","","","","","","","","","","",
"Australia","AUS","Poverty gap at $6.85 a day (2017 PPP) (%)","SI.POV.UMIC.GP","","","","","","","","","","","","","","","","","","","","","","1.1","","","","1.1","","","","1","","","","","","1.1","","","","","","1","","1.1","0.7","","","","0.5","","0.5","","","","0.6","","0.6","","0.6","","","","",
"Austria","AUT","Poverty gap at $6.85 a day (2017 PPP) (%)","SI.POV.UMIC.GP","","","","","","","","","","","","","","","","","","","","","","","","","","","","","","","","","","","0.3","0.3","0.2","0.3","0.4","0.3","0.2","","","0.4","0.2","0.2","0.2","0.5","0.6","0.7","0.6","0.6","0.7","0.4","0.4","0.7","0.9","0.4","0.7","0.7","0.8","","",
"Azerbaijan","AZE","Poverty gap at $6.85 a day (2017 PPP) (%)","SI.POV.UMIC.GP","","","","","","","","","","","","","","","","","","","","","","","","","","","","","","","","","","","","35.2","","","","","","28.6","10.2","10.2","8.5","5.3","","","","","","","","","","","","","","","","","",
"Burundi","BDI","Poverty gap at $6.85 a day (2017 PPP) (%)","SI.POV.UMIC.GP","","","","","","","","","","","","","","","","","","","","","","","","","","","","","","","","","74","","","","","","77.2","","","","","","","","71.5","","","","","","","68.5","","","","","","","","","",
"Belgium","BEL","Poverty gap at $6.85 a day (2017 PPP) (%)","SI.POV.UMIC.GP","","","","","","","","","","","","","","","","","","","","","","","","","","0.4","","","0.6","","","","0.9","","","0.7","","0.5","","","0.5","","","0.4","0.1","0.3","0.2","0.2","0.2","0.2","0.2","0.2","0.2","0.2","0.1","0.1","0.1","0.2","0.1","0.1","0.1","","",
"Benin","BEN","Poverty gap at $6.85 a day (2017 PPP) (%)","SI.POV.UMIC.GP","","","","","","","","","","","","","","","","","","","","","","","","","","","","","","","","","","","","","","","","","","","","63.1","","","","","","","","61.5","","","","62.8","","","43.1","","","","",
"Burkina Faso","BFA","Poverty gap at $6.85 a day (2017 PPP) (%)","SI.POV.UMIC.GP","","","","","","","","","","","","","","","","","","","","","","","","","","","","","","","","","","","78.6","","","","76","","","","","63.3","","","","","","62.6","","","","","56.6","","","","46.8","","","","",
"Bangladesh","BGD","Poverty gap at $6.85 a day (2017 PPP) (%)","SI.POV.UMIC.GP","","","","","","","","","","","","","","","","","","","","","","","","60.5","","57.3","","","60.8","","","61.3","","","","55.7","","","","","54.2","","","","","49.9","","","","","46.5","","","","","","42.4","","","","","","",
"Bulgaria","BGR","Poverty gap at $6.85 a day (2017 PPP) (%)","SI.POV.UMIC.GP","","","","","","","","","","","","","","","","","","","","","","","","","","","","","","","","","","","","","","","","","","","","","","","11.6","5.3","3.9","3.7","5","5.5","5.4","5.4","4.2","6.1","4.5","3.6","2.8","2.8","1.6","","",
"Bahrain","BHR","Poverty gap at $6.85 a day (2017 PPP) (%)","SI.POV.UMIC.GP","","","","","","","","","","","","","","","","","","","","","","","","","","","","","","","","","","","","","","","","","","","","","","","","","","","","","","","","","","","","","","","",
"Bahamas, The","BHS","Poverty gap at $6.85 a day (2017 PPP) (%)","SI.POV.UMIC.GP","","","","","","","","","","","","","","","","","","","","","","","","","","","","","","","","","","","","","","","","","","","","","","","","","","","","","","","","","","","","","","","",
"Bosnia and Herzegovina","BIH","Poverty gap at $6.85 a day (2017 PPP) (%)","SI.POV.UMIC.GP","","","","","","","","","","","","","","","","","","","","","","","","","","","","","","","","","","","","","","","","","","3.1","","","1.5","","","1","","","","1.4","","","","","","","","","","","",
"Belarus","BLR","Poverty gap at $6.85 a day (2017 PPP) (%)","SI.POV.UMIC.GP","","","","","","","","","","","","","","","","","","","","","","","","","","","","","","","","","","","","","","","46.8","43.6","38.9","28.9","24.6","22.4","16","10.2","7.2","5","3.8","3.5","2.5","2","1","0.6","0.5","0.7","0.8","0.6","0.4","0.3","0.2","","",
"Belize","BLZ","Poverty gap at $6.85 a day (2017 PPP) (%)","SI.POV.UMIC.GP","","","","","","","","","","","","","","","","","","","","","","","","","","","","","","","","","","30","31.4","","35.5","37.1","36.3","34.6","","","","","","","","","","","","","","","","","","","","","","","",
"Bermuda","BMU","Poverty gap at $6.85 a day (2017 PPP) (%)","SI.POV.UMIC.GP","","","","","","","","","","","","","","","","","","","","","","","","","","","","","","","","","","","","","","","","","","","","","","","","","","","","","","","","","","","","","","","",
"Bolivia","BOL","Poverty gap at $6.85 a day (2017 PPP) (%)","SI.POV.UMIC.GP","","","","","","","","","","","","","","","","","","","","","","","","","","","","","","","","","","","","","","24","","29.3","32.7","27.6","29.1","","20.6","24","21","18.9","15.1","13.5","","10.2","10.9","9.4","8.7","8.8","9.8","9.1","7.8","5.8","6.6","5.4","",
"Brazil","BRA","Poverty gap at $6.85 a day (2017 PPP) (%)","SI.POV.UMIC.GP","","","","","","","","","","","","","","","","","","","","","","36.8","36.8","42.4","42","38.2","23.8","31.7","33.8","31.7","35.7","","35.6","34.6","","26.3","26.8","27","25.7","26.7","","23.6","22.8","23.6","22.3","20.8","18.4","17.3","15.3","14.4","","12.4","11.2","10","9.2","9.9","11","11.2","11.1","11","6.3","11.7","",
"Barbados","BRB","Poverty gap at $6.85 a day (2017 PPP) (%)","SI.POV.UMIC.GP","","","","","","","","","","","","","","","","","","","","","","","","","","","","","","","","","","","","","","","","","","","","","","","","","","","","","","","","","","","","","","","",
"Brunei Darussalam","BRN","Poverty gap at $6.85 a day (2017 PPP) (%)","SI.POV.UMIC.GP","","","","","","","","","","","","","","","","","","","","","","","","","","","","","","","","","","","","","","","","","","","","","","","","","","","","","","","","","","","","","","","",
"Bhutan","BTN","Poverty gap at $6.85 a day (2017 PPP) (%)","SI.POV.UMIC.GP","","","","","","","","","","","","","","","","","","","","","","","","","","","","","","","","","","","","","","","","","","","","35","","","","25.4","","","","","14.9","","","","","12.6","","","","","",
"Botswana","BWA","Poverty gap at $6.85 a day (2017 PPP) (%)","SI.POV.UMIC.GP","","","","","","","","","","","","","","","","","","","","","","","","","","52.4","","","","","","","","46.2","","","","","","","","","40.8","","","","","","","31","","","","","","31.8","","","","","","","",
"Central African Republic","CAF","Poverty gap at $6.85 a day (2017 PPP) (%)","SI.POV.UMIC.GP","","","","","","","","","","","","","","","","","","","","","","","","","","","","","","","","","81","","","","","","","","","","","","","","","","66.4","","","","","","","","","","","","","","",
"Canada","CAN","Poverty gap at $6.85 a day (2017 PPP) (%)","SI.POV.UMIC.GP","","","","","","","","","","","","3","","","","1.4","","","","","","0.7","","","","","","0.4","","","","0.3","","","0.4","","0.5","0.5","0.6","0.6","0.4","0.4","0.4","0.4","0.4","0.4","0.4","0.3","0.4","0.3","0.3","0.3","0.4","0.5","0.4","0.5","0.4","0.4","0.4","","","","",
"Central Europe and the Baltics","CEB","Poverty gap at $6.85 a day (2017 PPP) (%)","SI.POV.UMIC.GP","","","","","","","","","","","","","","","","","","","","","","","","","","","","","","","","","","","","","","","","","","","","","","","","","","","","","","","","","","","","","","","",
"Switzerland","CHE","Poverty gap at $6.85 a day (2017 PPP) (%)","SI.POV.UMIC.GP","","","","","","","","","","","","","","","","","","","","","","","0.7","","","","","","","","","","0.7","","","","","","","","0.2","","0","","","","0.2","0.1","0.1","0.1","0.1","0","0","0","0.1","0","0.1","0","0.1","","","","",
"Channel Islands","CHI","Poverty gap at $6.85 a day (2017 PPP) (%)","SI.POV.UMIC.GP","","","","","","","","","","","","","","","","","","","","","","","","","","","","","","","","","","","","","","","","","","","","","","","","","","","","","","","","","","","","","","","",
"Chile","CHL","Poverty gap at $6.85 a day (2017 PPP) (%)","SI.POV.UMIC.GP","","","","","","","","","","","","","","","","","","","","","","","","","","","","30.6","","","25.7","","21.1","","19.8","","16.4","","15.3","","16.6","","","16","","","9.8","","","7.8","","6.1","","3.4","","2.6","","1.9","","","2.4","","",
"China","CHN","Poverty gap at $6.85 a day (2017 PPP) (%)","SI.POV.UMIC.GP","","","","","","","","","","","","","","","","","","","","","","","","","","","","","","","72.8","","","68.6","","","61.1","","","58.5","","","51","","","40.8","","","34.3","","29.3","25.9","22.9","17.1","14.5","12.2","10.5","9.7","8","6.4","","","",
"Cote d'Ivoire","CIV","Poverty gap at $6.85 a day (2017 PPP) (%)","SI.POV.UMIC.GP","","","","","","","","","","","","","","","","","","","","","","","","","","23.4","24.3","29.3","36.1","","","","46","","","46.1","","","50.2","","","","49.4","","","","","","51","","","","","","","51","","","34.4","","","","",
"Cameroon","CMR","Poverty gap at $6.85 a day (2017 PPP) (%)","SI.POV.UMIC.GP","","","","","","","","","","","","","","","","","","","","","","","","","","","","","","","","","","","","","59.2","","","","","45.4","","","","","","47.5","","","","","","","39.9","","","","","","","","",
"Congo, Dem. Rep.","COD","Poverty gap at $6.85 a day (2017 PPP) (%)","SI.POV.UMIC.GP","","","","","","","","","","","","","","","","","","","","","","","","","","","","","","","","","","","","","","","","","","","","","85.5","","","","","","","","71.7","","","","","","","","","","",
"Congo, Rep.","COG","Poverty gap at $6.85 a day (2017 PPP) (%)","SI.POV.UMIC.GP","","","","","","","","","","","","","","","","","","","","","","","","","","","","","","","","","","","","","","","","","","","","","","58.8","","","","","","49.2","","","","","","","","","","","",
"Colombia","COL","Poverty gap at $6.85 a day (2017 PPP) (%)","SI.POV.UMIC.GP","","","","","","","","","","","","","","","","","","","","","","","","","","","","","","","","","24.2","","","","31.6","","","34.7","31.3","35.8","27.8","27.1","26.5","24","","","22.5","21.2","19.4","17.5","16.7","15.6","14.4","13.7","13.5","13","13.1","14","19","16.2","",
"Comoros","COM","Poverty gap at $6.85 a day (2017 PPP) (%)","SI.POV.UMIC.GP","","","","","","","","","","","","","","","","","","","","","","","","","","","","","","","","","","","","","","","","","","","","","32.8","","","","","","","","","","35","","","","","","","","",
"Cabo Verde","CPV","Poverty gap at $6.85 a day (2017 PPP) (%)","SI.POV.UMIC.GP","","","","","","","","","","","","","","","","","","","","","","","","","","","","","","","","","","","","","","","","","","36","","","","","","27.8","","","","","","","","19.7","","","","","","","",
"Costa Rica","CRI","Poverty gap at $6.85 a day (2017 PPP) (%)","SI.POV.UMIC.GP","","","","","","","","","","","","","","","","","","","","","","39","","","","","28.2","","","21.6","20.6","23.9","21.3","18","15.2","15.9","17.8","15.7","13","14.9","15.1","11.5","11.1","10.8","10.8","9.4","9.2","7","6.9","6.9","5.3","5.7","5.2","5.3","5.1","5.1","4.7","4.1","4.8","4.3","7","4.5","",
"Caribbean small states","CSS","Poverty gap at $6.85 a day (2017 PPP) (%)","SI.POV.UMIC.GP","","","","","","","","","","","","","","","","","","","","","","","","","","","","","","","","","","","","","","","","","","","","","","","","","","","","","","","","","","","","","","","",
"Cuba","CUB","Poverty gap at $6.85 a day (2017 PPP) (%)","SI.POV.UMIC.GP","","","","","","","","","","","","","","","","","","","","","","","","","","","","","","","","","","","","","","","","","","","","","","","","","","","","","","","","","","","","","","","",
"Curacao","CUW","Poverty gap at $6.85 a day (2017 PPP) (%)","SI.POV.UMIC.GP","","","","","","","","","","","","","","","","","","","","","","","","","","","","","","","","","","","","","","","","","","","","","","","","","","","","","","","","","","","","","","","",
"Cayman Islands","CYM","Poverty gap at $6.85 a day (2017 PPP) (%)","SI.POV.UMIC.GP","","","","","","","","","","","","","","","","","","","","","","","","","","","","","","","","","","","","","","","","","","","","","","","","","","","","","","","","","","","","","","","",
"Cyprus","CYP","Poverty gap at $6.85 a day (2017 PPP) (%)","SI.POV.UMIC.GP","","","","","","","","","","","","","","","","","","","","","","","","","","","","","","","","","","","","","","","","","","","","","0.1","0","0","0","0","0.1","0.1","0","0","0.1","0.2","0.1","0.1","0","0.1","0.2","0.1","","",
"Czechia","CZE","Poverty gap at $6.85 a day (2017 PPP) (%)","SI.POV.UMIC.GP","","","","","","","","","","","","","","","","","","","","","","","","","","","","","","","","","0.2","0.1","","","0.4","","","","","","0.2","","0.3","0.2","0.2","0.2","0.1","0.2","0.2","0.2","0.2","0.1","0.2","0.1","0.2","0.1","0.1","0.1","0.1","","",
"Germany","DEU","Poverty gap at $6.85 a day (2017 PPP) (%)","SI.POV.UMIC.GP","","","","","","","","","","","","","","","","","","","","","","","","","","","","","","","","0.1","0.2","0.1","0.3","0.3","0.1","0.1","0.1","0.1","0.1","0.1","0.1","0.2","0.1","0.1","0","0.1","0.1","0.1","0.1","0.1","0.1","0.1","0.1","0.1","0.1","0.6","0.1","0.1","","","",
"Djibouti","DJI","Poverty gap at $6.85 a day (2017 PPP) (%)","SI.POV.UMIC.GP","","","","","","","","","","","","","","","","","","","","","","","","","","","","","","","","","","","","","","","","","","","43.2","","","","","","","","","","38.1","42.1","","","","38.4","","","","","",
"Dominica","DMA","Poverty gap at $6.85 a day (2017 PPP) (%)","SI.POV.UMIC.GP","","","","","","","","","","","","","","","","","","","","","","","","","","","","","","","","","","","","","","","","","","","","","","","","","","","","","","","","","","","","","","","",
"Denmark","DNK","Poverty gap at $6.85 a day (2017 PPP) (%)","SI.POV.UMIC.GP","","","","","","","","","","","","","","","","","","","","","","","","","","","","0.8","","","","","0.7","","","0.1","","","","","0.1","","","0.3","0.3","0.3","0.2","0.3","0.3","0.6","0.1","0.1","0.1","0.4","0.3","0.2","0.3","0.2","0.2","0.3","0.2","","",
"Dominican Republic","DOM","Poverty gap at $6.85 a day (2017 PPP) (%)","SI.POV.UMIC.GP","","","","","","","","","","","","","","","","","","","","","","","","","","","16","","","32.1","","","22.1","","","","17.5","16.4","","","16.7","16.2","17.1","21.3","25.9","20.3","18.2","17.9","18.3","16.8","16.7","15.4","15.3","14.7","12.4","10.6","9.8","7.5","6.3","5.6","6.9","6.7","",
"Algeria","DZA","Poverty gap at $6.85 a day (2017 PPP) (%)","SI.POV.UMIC.GP","","","","","","","","","","","","","","","","","","","","","","","","","","","","","25","","","","","","","23.9","","","","","","","","","","","","","","","","9.1","","","","","","","","","","","",
"East Asia & Pacific (excluding high income)","EAP","Poverty gap at $6.85 a day (2017 PPP) (%)","SI.POV.UMIC.GP","","","","","","","","","","","","","","","","","","","","","","","","","","","","","","","","","","","","","","","","","","","","","","","","","","","","","","","","","","","","","","","",
"Early-demographic dividend","EAR","Poverty gap at $6.85 a day (2017 PPP) (%)","SI.POV.UMIC.GP","","","","","","","","","","","","","","","","","","","","","","","","","","","","","","","","","","","","","","","","","","","","","","","","","","","","","","","","","","","","","","","",
"East Asia & Pacific","EAS","Poverty gap at $6.85 a day (2017 PPP) (%)","SI.POV.UMIC.GP","","","","","","","","","","","","","","","","","","","","","","","","","84.7","80","70.8","69.3","67.2","70","68.9","68","66.7","65.2","62.9","60.6","58.4","57.9","58","56.2","53.9","52.2","49.2","46.9","44.3","40.7","39.4","36.7","35.1","33","29.8","26.9","24.6","20.1","17.9","15.8","14.1","13.1","11.5","10.2","","","",
"Europe & Central Asia (excluding high income)","ECA","Poverty gap at $6.85 a day (2017 PPP) (%)","SI.POV.UMIC.GP","","","","","","","","","","","","","","","","","","","","","","","","","","","","","","","","","","","","","","","","","","","","","","","","","","","","","","","","","","","","","","","",
"Europe & Central Asia","ECS","Poverty gap at $6.85 a day (2017 PPP) (%)","SI.POV.UMIC.GP","","","","","","","","","","","","","","","","","","","","","","","","","","","","","","","11","12.3","15","17.7","20.8","18.7","19.9","18.4","18.7","23.1","20.8","19.1","17.3","16.6","14.3","13.2","11.5","10.1","8.6","8.5","8.2","7.7","7.5","7.1","7.2","7.1","6.7","6.5","5.9","5.9","6","","",
"Ecuador","ECU","Poverty gap at $6.85 a day (2017 PPP) (%)","SI.POV.UMIC.GP","","","","","","","","","","","","","","","","","","","","","","","","","","","","","","","","","","","32.4","","","","","36","42.8","","","28.2","28.8","23.5","19.7","19.3","18.1","17.8","15.4","13.2","12.2","11.2","9.8","10.5","10.3","9.7","10.3","10.9","14.3","11.5","",
"Egypt, Arab Rep.","EGY","Poverty gap at $6.85 a day (2017 PPP) (%)","SI.POV.UMIC.GP","","","","","","","","","","","","","","","","","","","","","","","","","","","","","","","32.4","","","","","33","","","","24.5","","","","","29.9","","","","29.1","","23.5","","21.1","","","20","","26.2","","23.2","","","",
"Euro area","EMU","Poverty gap at $6.85 a day (2017 PPP) (%)","SI.POV.UMIC.GP","","","","","","","","","","","","","","","","","","","","","","","","","","","","","","","","","","","","","","","","","","","","","","","","","","","","","","","","","","","","","","","",
"Eritrea","ERI","Poverty gap at $6.85 a day (2017 PPP) (%)","SI.POV.UMIC.GP","","","","","","","","","","","","","","","","","","","","","","","","","","","","","","","","","","","","","","","","","","","","","","","","","","","","","","","","","","","","","","","",
"Spain","ESP","Poverty gap at $6.85 a day (2017 PPP) (%)","SI.POV.UMIC.GP","","","","","","","","","","","","","","","","","","","","","2.3","","","","","1.9","","","","","1.1","","","","","2","","","","","0.7","","","1.1","1.2","1.1","1.2","0.7","0.9","1.2","1.1","1.7","1.5","1.7","1.5","1.6","1.7","1.2","1.3","1.2","1.4","","",
"Estonia","EST","Poverty gap at $6.85 a day (2017 PPP) (%)","SI.POV.UMIC.GP","","","","","","","","","","","","","","","","","","","","","","","","","","","","","","","","","","","","","","","","","","","","6.1","3.7","2.4","1.7","1.1","1.1","1.4","2","1.8","1.6","1.8","1.6","1","0.8","0.6","0.5","0.8","0.6","","",
"Ethiopia","ETH","Poverty gap at $6.85 a day (2017 PPP) (%)","SI.POV.UMIC.GP","","","","","","","","","","","","","","","","","","","","","","","","","","","","","","","","","","","","70.5","","","","67.1","","","","","57.2","","","","","","54.6","","","","","51","","","","","","","",
"European Union","EUU","Poverty gap at $6.85 a day (2017 PPP) (%)","SI.POV.UMIC.GP","","","","","","","","","","","","","","","","","","","","","","","","","","","","","","","","","","","","","","","","","","","","","","","","","","","","","","","","","","","","","","","",
"Fragile and conflict affected situations","FCS","Poverty gap at $6.85 a day (2017 PPP) (%)","SI.POV.UMIC.GP","","","","","","","","","","","","","","","","","","","","","","","","","","","","","","","","","","57.1","58.2","58.5","58.2","57.6","56.9","58.1","","55.5","55.1","54.8","52.3","50.7","49.7","48.9","47.9","47.5","46.3","45.9","45.4","45","44.4","46.4","46.2","46.3","46.2","","","","",
"Finland","FIN","Poverty gap at $6.85 a day (2017 PPP) (%)","SI.POV.UMIC.GP","","","","","","","","","","","","","","","","","","","","","","","","","","","","0.1","","","","0.1","","","","0","","","","","0.1","","","0.1","0.1","0.1","0.1","0.1","0.1","0.1","0.1","0.1","0.1","0.1","0.1","0.1","0.1","0.1","0.1","0.1","0","","",
"Fiji","FJI","Poverty gap at $6.85 a day (2017 PPP) (%)","SI.POV.UMIC.GP","","","","","","","","","","","","","","","","","","","","","","","","","","","","","","","","","","","","","","","","","","","14.8","","","","","","12.1","","","","","10.5","","","","","","16.4","","","",
"France","FRA","Poverty gap at $6.85 a day (2017 PPP) (%)","SI.POV.UMIC.GP","","","","","","","","","","","0.8","","","","","0.8","","","","0.5","","","","","0.6","","","","","","0.2","","","","","","0.3","0.2","0.1","0.2","0.2","0.1","0.1","0.2","0.1","0.1","0.1","0","0","0.2","0.1","0.1","0.1","0.1","0.1","0.2","0.1","0","0.1","0.1","0.2","","",
"Faroe Islands","FRO","Poverty gap at $6.85 a day (2017 PPP) (%)","SI.POV.UMIC.GP","","","","","","","","","","","","","","","","","","","","","","","","","","","","","","","","","","","","","","","","","","","","","","","","","","","","","","","","","","","","","","","",
"Micronesia, Fed. Sts.","FSM","Poverty gap at $6.85 a day (2017 PPP) (%)","SI.POV.UMIC.GP","","","","","","","","","","","","","","","","","","","","","","","","","","","","","","","","","","","","","","","","","","","","","","25","","","","","","","","36.6","","","","","","","","","",
"Gabon","GAB","Poverty gap at $6.85 a day (2017 PPP) (%)","SI.POV.UMIC.GP","","","","","","","","","","","","","","","","","","","","","","","","","","","","","","","","","","","","","","","","","","","","","","21.5","","","","","","","","","","","","10.4","","","","","",
"United Kingdom","GBR","Poverty gap at $6.85 a day (2017 PPP) (%)","SI.POV.UMIC.GP","","","","","","","","","0.3","0.4","0.3","0.3","0.5","0.1","0.3","0.3","0.2","0.3","0.1","0.2","0.2","0.3","0.2","0.2","0.2","0.2","0.3","0.2","0.2","0.3","0.3","0.2","0.3","0.3","0.5","0.4","0.3","0.3","0.4","0.3","0.3","0.4","0.4","0.4","0.3","0.4","0.4","0.4","0.4","0.4","0.4","0.4","0.5","0.3","0.4","0.4","0.4","0.4","0.5","0.5","0.6","","",
"Georgia","GEO","Poverty gap at $6.85 a day (2017 PPP) (%)","SI.POV.UMIC.GP","","","","","","","","","","","","","","","","","","","","","","","","","","","","","","","","","","","","","20.2","36.3","35.5","40.7","42.5","44","32.8","32.8","30.9","32.4","32.8","34.2","31.4","31.6","32.6","31.3","28.3","24.7","22.3","21.3","20.9","21","20.5","19.9","22.3","20.5","",
"Ghana","GHA","Poverty gap at $6.85 a day (2017 PPP) (%)","SI.POV.UMIC.GP","","","","","","","","","","","","","","","","","","","","","","","","","","","","67","66.4","","","68.9","","","","","","","63.5","","","","","","","56.6","","","","","","","43.5","","","","41.9","","","","","","",
"Gibraltar","GIB","Poverty gap at $6.85 a day (2017 PPP) (%)","SI.POV.UMIC.GP","","","","","","","","","","","","","","","","","","","","","","","","","","","","","","","","","","","","","","","","","","","","","","","","","","","","","","","","","","","","","","","",
"Guinea","GIN","Poverty gap at $6.85 a day (2017 PPP) (%)","SI.POV.UMIC.GP","","","","","","","","","","","","","","","","","","","","","","","","","","","","","","","","100","","","53.8","","","","","","","","62.7","","","","","59.2","","","","","48.5","","","","","","40.8","","","","",
"Gambia, The","GMB","Poverty gap at $6.85 a day (2017 PPP) (%)","SI.POV.UMIC.GP","","","","","","","","","","","","","","","","","","","","","","","","","","","","","","","","","","","","","","","74.2","","","","","59.6","","","","","","","48.3","","","","","38","","","","","39.7","","",
"Guinea-Bissau","GNB","Poverty gap at $6.85 a day (2017 PPP) (%)","SI.POV.UMIC.GP","","","","","","","","","","","","","","","","","","","","","","","","","","","","","","","","","","55.5","","","","","","","","","64.1","","","","","","","","68.7","","","","","","","","45.7","","","","",
"Equatorial Guinea","GNQ","Poverty gap at $6.85 a day (2017 PPP) (%)","SI.POV.UMIC.GP","","","","","","","","","","","","","","","","","","","","","","","","","","","","","","","","","","","","","","","","","","","","","","","","","","","","","","","","","","","","","","","",
"Greece","GRC","Poverty gap at $6.85 a day (2017 PPP) (%)","SI.POV.UMIC.GP","","","","","","","","","","","","","","","","","","","","","","","","","","","","","","","","","","","","2.4","","","","","1","","","0.8","1","0.7","0.9","0.8","0.6","0.8","1.4","2.2","2.9","2.9","3.2","3.1","2.3","1.8","0.8","1.5","1.6","","",
"Grenada","GRD","Poverty gap at $6.85 a day (2017 PPP) (%)","SI.POV.UMIC.GP","","","","","","","","","","","","","","","","","","","","","","","","","","","","","","","","","","","","","","","","","","","","","","","","","","","","","","","","","","","","","","","",
"Greenland","GRL","Poverty gap at $6.85 a day (2017 PPP) (%)","SI.POV.UMIC.GP","","","","","","","","","","","","","","","","","","","","","","","","","","","","","","","","","","","","","","","","","","","","","","","","","","","","","","","","","","","","","","","",
"Guatemala","GTM","Poverty gap at $6.85 a day (2017 PPP) (%)","SI.POV.UMIC.GP","","","","","","","","","","","","","","","","","","","","","","","","","","","58.5","","","47.4","","","","","","","","","26.7","","22.3","","","","","","22.8","","","","","","","","24.1","","","","","","","","",
"Guam","GUM","Poverty gap at $6.85 a day (2017 PPP) (%)","SI.POV.UMIC.GP","","","","","","","","","","","","","","","","","","","","","","","","","","","","","","","","","","","","","","","","","","","","","","","","","","","","","","","","","","","","","","","",
"Guyana","GUY","Poverty gap at $6.85 a day (2017 PPP) (%)","SI.POV.UMIC.GP","","","","","","","","","","","","","","","","","","","","","","","","","","","","","","","","","47.1","","","","","","25.3","","","","","","","","","","","","","","","","","","","","","","","","",
"High income","HIC","Poverty gap at $6.85 a day (2017 PPP) (%)","SI.POV.UMIC.GP","","","","","","","","","","","","","","","","","","","","","","","2.1","2","1.9","1.9","1.8","1.6","1.5","1.4","1.4","1.4","1.5","2.2","2.8","1.9","2.4","1.7","1.6","1.8","1.8","1.8","1.7","1.7","1.5","1.4","1.3","1.2","1.1","1","1","1.1","1.1","1.1","1.2","1.2","1","1","0.9","0.8","0.7","2.2","",
"Hong Kong SAR, China","HKG","Poverty gap at $6.85 a day (2017 PPP) (%)","SI.POV.UMIC.GP","","","","","","","","","","","","","","","","","","","","","","","","","","","","","","","","","","","","","","","","","","","","","","","","","","","","","","","","","","","","","","","",
"Honduras","HND","Poverty gap at $6.85 a day (2017 PPP) (%)","SI.POV.UMIC.GP","","","","","","","","","","","","","","","","","","","","","","","","","","","","","","50.3","52.3","45.5","42.1","36.9","38.1","39.2","41.7","33.2","36.1","36.9","","29.8","33.4","37.3","36.4","35.2","31.1","27.2","25.7","23.1","24.8","25.3","29.1","26.5","25.5","25.4","25","24.6","24.6","24","","","",
"Heavily indebted poor countries (HIPC)","HPC","Poverty gap at $6.85 a day (2017 PPP) (%)","SI.POV.UMIC.GP","","","","","","","","","","","","","","","","","","","","","","","","","","","","","","","","","","","","","","","","","","","","","","","","","","","","","","","","","","","","","","","",
"Croatia","HRV","Poverty gap at $6.85 a day (2017 PPP) (%)","SI.POV.UMIC.GP","","","","","","","","","","","","","","","","","","","","","","","","","","","","","","","","","","","","","","","","","","","","","","","","","","1.9","2.5","2.4","2.6","2.6","2.3","1.7","1.6","1.4","1","0.7","0.8","","",
"Haiti","HTI","Poverty gap at $6.85 a day (2017 PPP) (%)","SI.POV.UMIC.GP","","","","","","","","","","","","","","","","","","","","","","","","","","","","","","","","","","","","","","","","","","","","","","","","","","","","","47.7","","","","","","","","","","",
"Hungary","HUN","Poverty gap at $6.85 a day (2017 PPP) (%)","SI.POV.UMIC.GP","","","","","","","","","","","","","","","","","","","","","","","","","","","","","","","","","","","","","","","","","","","","","1.2","2.2","0.8","0.8","0.6","0.7","1","1.2","1.9","1.8","1.7","1.5","1.8","1.6","1","0.9","0.9","","",
"IBRD only","IBD","Poverty gap at $6.85 a day (2017 PPP) (%)","SI.POV.UMIC.GP","","","","","","","","","","","","","","","","","","","","","","","","","","","","","","","","","","","","","","","","","","","","","","","","","","","","","","","","","","","","","","","",
"IDA & IBRD total","IBT","Poverty gap at $6.85 a day (2017 PPP) (%)","SI.POV.UMIC.GP","","","","","","","","","","","","","","","","","","","","","","","","","","","","","","","","","","","","","","","","","","","","","","","","","","","","","","","","","","","","","","","",
"IDA total","IDA","Poverty gap at $6.85 a day (2017 PPP) (%)","SI.POV.UMIC.GP","","","","","","","","","","","","","","","","","","","","","","","","","","","","","","62.9","63.4","63.6","63.1","63.2","63.2","62.2","61.6","61.2","61.1","61.2","61.4","60.9","60.5","59.6","57.6","56.3","55.3","54.2","53.2","52.6","51.3","50.5","49.8","49.1","48.3","48.3","47.7","47.1","46.3","45.9","","","",
"IDA blend","IDB","Poverty gap at $6.85 a day (2017 PPP) (%)","SI.POV.UMIC.GP","","","","","","","","","","","","","","","","","","","","","","","","","","","","","","","","","","","","","","","","","","","","","","","","","","","","","","","","","","","","","","","",
"Indonesia","IDN","Poverty gap at $6.85 a day (2017 PPP) (%)","SI.POV.UMIC.GP","","","","","","","","","","","","","","","","","","","","","","","","","73.4","","","73.2","","","67.7","","","67.4","","","62.1","","70.6","61.3","60.9","59.1","51.5","50.5","50.9","49.3","52.3","47.9","47.4","45.7","41.4","39.1","38.1","36.1","34.3","32.2","29.8","27.4","25.5","24.5","23.7","23.1","22.2",
"IDA only","IDX","Poverty gap at $6.85 a day (2017 PPP) (%)","SI.POV.UMIC.GP","","","","","","","","","","","","","","","","","","","","","","","","","","","","","","","","","","","","","","","","","","","","","","","","","","","","","","","","","","","","","","","",
"Isle of Man","IMN","Poverty gap at $6.85 a day (2017 PPP) (%)","SI.POV.UMIC.GP","","","","","","","","","","","","","","","","","","","","","","","","","","","","","","","","","","","","","","","","","","","","","","","","","","","","","","","","","","","","","","","",
"India","IND","Poverty gap at $6.85 a day (2017 PPP) (%)","SI.POV.UMIC.GP","","","","","","","","","","","","","","","","","","68.5","","","","","","65.8","","","","63.2","","","","","","61.9","","","","","","","","","","","57.8","","","","","54.3","","48.5","","","","47.3","46.7","43","39.3","38.8","","","",
"Not classified","INX","Poverty gap at $6.85 a day (2017 PPP) (%)","SI.POV.UMIC.GP","","","","","","","","","","","","","","","","","","","","","","","","","","","","","","","","","","","","","","","","","","","","","","","","","","","","","","","","","","","","","","","",
"Ireland","IRL","Poverty gap at $6.85 a day (2017 PPP) (%)","SI.POV.UMIC.GP","","","","","","","","","","","","","","","","","","","","","","","","","","","","2.2","","","","","","","0.5","0.6","0.4","","","","0.2","","0.5","0.2","0.1","0.1","0.4","0.2","0.4","0.8","0.9","0.8","0.6","0.9","0.6","0.5","0.4","0.3","0.1","0.1","0.2","","",
"Iran, Islamic Rep.","IRN","Poverty gap at $6.85 a day (2017 PPP) (%)","SI.POV.UMIC.GP","","","","","","","","","","","","","","","","","","","","","","","","","","","22.9","","","","23.4","","","","18.4","","","","17.5","","","","","","","7.4","7.7","","","7.3","","","","4.8","6.2","6.2","6.4","6.1","6.5","8.1","","","",
"Iraq","IRQ","Poverty gap at $6.85 a day (2017 PPP) (%)","SI.POV.UMIC.GP","","","","","","","","","","","","","","","","","","","","","","","","","","","","","","","","","","","","","","","","","","","","","","","5.8","","","","","","5.6","","","","","","","","","","",
"Iceland","ISL","Poverty gap at $6.85 a day (2017 PPP) (%)","SI.POV.UMIC.GP","","","","","","","","","","","","","","","","","","","","","","","","","","","","","","","","","","","","","","","","","","","","0.1","0.2","0.1","0.2","0.1","0.1","0.1","0.2","0.3","0.1","0.1","0","0.1","0.1","0","","","","","",
"Israel","ISR","Poverty gap at $6.85 a day (2017 PPP) (%)","SI.POV.UMIC.GP","","","","","","","","","","","","","","","","","","","","2","","","","","","","2.4","","","","","","0.9","","","","","1.5","","","","1","2.3","2.5","3","2.6","2.3","2","2.1","2.5","1.9","2","2.1","1.6","1.6","1.4","1.2","1.4","1","","","","",
"Italy","ITA","Poverty gap at $6.85 a day (2017 PPP) (%)","SI.POV.UMIC.GP","","","","","","","","","","","","","","","","","","","","","","","","","","","0.6","1.7","","0.2","","0.5","","2","","1.4","","","2.3","","1.8","","","1.1","0.9","1","0.9","1","1","1.2","1.6","1.5","1.7","1.9","1.7","2.4","2.1","1.9","2","1.4","1.2","","",
"Jamaica","JAM","Poverty gap at $6.85 a day (2017 PPP) (%)","SI.POV.UMIC.GP","","","","","","","","","","","","","","","","","","","","","","","","","","","","","17.6","","17.9","","","25.8","","","14.5","","","10","","","11.1","","9","","","","","","","","","","","","","","","","","","",
"Jordan","JOR","Poverty gap at $6.85 a day (2017 PPP) (%)","SI.POV.UMIC.GP","","","","","","","","","","","","","","","","","","","","","","","","","","","2.4","","","","","","9.8","","","","","8.3","","","","","5.6","","","","2.8","","2.2","","1.5","","","","","","","","","","","","",
"Japan","JPN","Poverty gap at $6.85 a day (2017 PPP) (%)","SI.POV.UMIC.GP","","","","","","","","","","","","","","","","","","","","","","","","","","","","","","","","","","","","","","","","","","","","","","","","","0.8","","0.2","","","0.8","","","","","","","","","",
"Kazakhstan","KAZ","Poverty gap at $6.85 a day (2017 PPP) (%)","SI.POV.UMIC.GP","","","","","","","","","","","","","","","","","","","","","","","","","","","","","","","","","","","","","28","","","","","33.8","31","27.2","23.6","26.3","14.2","9.5","8.5","8.9","7","3.6","3.5","2.3","2.5","3","4.6","3.3","2.4","","","","",
"Kenya","KEN","Poverty gap at $6.85 a day (2017 PPP) (%)","SI.POV.UMIC.GP","","","","","","","","","","","","","","","","","","","","","","","","","","","","","","","","","41.1","","44.9","","","43.9","","","","","","","","51.9","","","","","","","","","","48","","","","","","","",
"Kyrgyz Republic","KGZ","Poverty gap at $6.85 a day (2017 PPP) (%)","SI.POV.UMIC.GP","","","","","","","","","","","","","","","","","","","","","","","","","","","","","","","","","","","","","","","","","57.5","55.1","54.1","51.9","37.3","41","32.2","31.8","25","23.2","25.3","24","25.3","27","23.6","25.9","23.6","23.5","20.7","19.4","23.3","","",
"Cambodia","KHM","Poverty gap at $6.85 a day (2017 PPP) (%)","SI.POV.UMIC.GP","","","","","","","","","","","","","","","","","","","","","","","","","","","","","","","","","","","","","","","","","","","","","","","","","","","","","","","","","","","","","","","",
"Kiribati","KIR","Poverty gap at $6.85 a day (2017 PPP) (%)","SI.POV.UMIC.GP","","","","","","","","","","","","","","","","","","","","","","","","","","","","","","","","","","","","","","","","","","","","","","","34.7","","","","","","","","","","","","","23.9","","","",
"St. Kitts and Nevis","KNA","Poverty gap at $6.85 a day (2017 PPP) (%)","SI.POV.UMIC.GP","","","","","","","","","","","","","","","","","","","","","","","","","","","","","","","","","","","","","","","","","","","","","","","","","","","","","","","","","","","","","","","",
"Korea, Rep.","KOR","Poverty gap at $6.85 a day (2017 PPP) (%)","SI.POV.UMIC.GP","","","","","","","","","","","","","","","","","","","","","","","","","","","","","","","","","","","","","","","","","","","","","","","0.7","","0.7","","0.9","","0.7","","0.5","","0.4","","","","","","",
"Kuwait","KWT","Poverty gap at $6.85 a day (2017 PPP) (%)","SI.POV.UMIC.GP","","","","","","","","","","","","","","","","","","","","","","","","","","","","","","","","","","","","","","","","","","","","","","","","","","","","","","","","","","","","","","","",
"Latin America & Caribbean (excluding high income)","LAC","Poverty gap at $6.85 a day (2017 PPP) (%)","SI.POV.UMIC.GP","","","","","","","","","","","","","","","","","","","","","","","","","","","","","","","","","","","","","","","","","","","","","","","","","","","","","","","","","","","","","","","",
"Lao PDR","LAO","Poverty gap at $6.85 a day (2017 PPP) (%)","SI.POV.UMIC.GP","","","","","","","","","","","","","","","","","","","","","","","","","","","","","","","","","48.6","","","","","59.4","","","","","50.6","","","","","46.2","","","","","35.9","","","","","","30","","","","",
"Lebanon","LBN","Poverty gap at $6.85 a day (2017 PPP) (%)","SI.POV.UMIC.GP","","","","","","","","","","","","","","","","","","","","","","","","","","","","","","","","","","","","","","","","","","","","","","","","","","","","0.2","","","","","","","","","","","",
"Liberia","LBR","Poverty gap at $6.85 a day (2017 PPP) (%)","SI.POV.UMIC.GP","","","","","","","","","","","","","","","","","","","","","","","","","","","","","","","","","","","","","","","","","","","","","","","","64.6","","","","","","","48.4","","48.7","","","","","","",
"Libya","LBY","Poverty gap at $6.85 a day (2017 PPP) (%)","SI.POV.UMIC.GP","","","","","","","","","","","","","","","","","","","","","","","","","","","","","","","","","","","","","","","","","","","","","","","","","","","","","","","","","","","","","","","",
"St. Lucia","LCA","Poverty gap at $6.85 a day (2017 PPP) (%)","SI.POV.UMIC.GP","","","","","","","","","","","","","","","","","","","","","","","","","","","","","","","","","","","","53.9","","","","","","","","","","","","","","","","","","","","","11.2","","","","","","",
"Latin America & Caribbean","LCN","Poverty gap at $6.85 a day (2017 PPP) (%)","SI.POV.UMIC.GP","","","","","","","","","","","","","","","","","","","","","","26.9","27.6","30.7","30.4","29.1","24","26.8","27.7","27","28.3","27.7","27.7","27.6","26.2","26.2","27.6","26.6","25.7","26.1","24.6","24.3","23.9","23.5","22.2","20.9","18.3","17.3","16.4","16","14.9","13.9","13","12.3","11.8","11.5","11.6","11.3","11.1","11","10.7","11.5","",
"Least developed countries: UN classification","LDC","Poverty gap at $6.85 a day (2017 PPP) (%)","SI.POV.UMIC.GP","","","","","","","","","","","","","","","","","","","","","","","","","","","","","","","","","","","","","","","","","","","","","","","","","","","","","","","","","","","","","","","",
"Low income","LIC","Poverty gap at $6.85 a day (2017 PPP) (%)","SI.POV.UMIC.GP","","","","","","","","","","","","","","","","","","","","","","","","","","","","","","","","","","","","68","67.4","66.8","66.4","66.2","66","65.5","65.7","64.7","62.9","61.6","61.1","60.2","59","59.3","58.2","57.8","57.7","57.7","57.3","58.6","58.3","58.4","","","","","",
"Liechtenstein","LIE","Poverty gap at $6.85 a day (2017 PPP) (%)","SI.POV.UMIC.GP","","","","","","","","","","","","","","","","","","","","","","","","","","","","","","","","","","","","","","","","","","","","","","","","","","","","","","","","","","","","","","","",
"Sri Lanka","LKA","Poverty gap at $6.85 a day (2017 PPP) (%)","SI.POV.UMIC.GP","","","","","","","","","","","","","","","","","","","","","","","","","","43.3","","","","","41.8","","","","","39.4","","","","","","","35.8","","","","28.7","","","25.5","","","22.3","","","","17.4","","","15.6","","","",
"Lower middle income","LMC","Poverty gap at $6.85 a day (2017 PPP) (%)","SI.POV.UMIC.GP","","","","","","","","","","","","","","","","","","","","","","59","59","58.6","58.1","57.6","57.4","57.4","57","56.8","56.6","56.4","56.1","55.9","55.8","55.3","54.7","","","","","","52.9","52.2","51","50","49.1","48.1","47.3","46.5","44.6","42.6","41.4","40.8","40.1","39.6","39.1","37.4","35.3","34.3","","","",
"Low & middle income","LMY","Poverty gap at $6.85 a day (2017 PPP) (%)","SI.POV.UMIC.GP","","","","","","","","","","","","","","","","","","","","","","","","","62.4","60.2","56.1","55.7","54.9","55.9","55.6","55.5","55.2","54.7","53.8","52.7","51.8","51.4","51.3","50.9","49.7","48.8","47.4","46.3","44.6","42.7","41.6","40.1","39.1","38.1","36.2","34.2","32.9","31.1","30.2","29.5","28.8","27.7","26.3","25.5","","","",
"Lesotho","LSO","Poverty gap at $6.85 a day (2017 PPP) (%)","SI.POV.UMIC.GP","","","","","","","","","","","","","","","","","","","","","","","","","","","61.4","","","","","","","","59","","","","","","","","70.4","","","","","","","","","","","","","","","46","","","","","",
"Late-demographic dividend","LTE","Poverty gap at $6.85 a day (2017 PPP) (%)","SI.POV.UMIC.GP","","","","","","","","","","","","","","","","","","","","","","","","","","","","","","","","","","","","","","","","","","","","","","","","","","","","","","","","","","","","","","","",
"Lithuania","LTU","Poverty gap at $6.85 a day (2017 PPP) (%)","SI.POV.UMIC.GP","","","","","","","","","","","","","","","","","","","","","","","","","","","","","","","","","","","","","","","","","","","","","8","5.2","3.1","2.2","2.4","4.3","3.7","2.1","2.4","2.1","2.5","1.8","2.2","1.9","1.4","0.8","0.6","","",
"Luxembourg","LUX","Poverty gap at $6.85 a day (2017 PPP) (%)","SI.POV.UMIC.GP","","","","","","","","","","","","","","","","","","","","","","","","","","0.1","","","","","","0","","","0","","","0","","","0","","","0.2","0","0.1","0","0","0","0.1","0","0.1","0.1","0.1","0.2","0.4","0.2","0.4","0.3","0.1","0","","",
"Latvia","LVA","Poverty gap at $6.85 a day (2017 PPP) (%)","SI.POV.UMIC.GP","","","","","","","","","","","","","","","","","","","","","","","","","","","","","","","","","","","","","","","","","","","","","6.9","6.3","3.5","2.1","2.8","4.4","4.4","3.7","3.4","2.9","2.5","1.8","1.6","1.6","1.1","0.9","0.9","","",
"Macao SAR, China","MAC","Poverty gap at $6.85 a day (2017 PPP) (%)","SI.POV.UMIC.GP","","","","","","","","","","","","","","","","","","","","","","","","","","","","","","","","","","","","","","","","","","","","","","","","","","","","","","","","","","","","","","","",
"St. Martin (French part)","MAF","Poverty gap at $6.85 a day (2017 PPP) (%)","SI.POV.UMIC.GP","","","","","","","","","","","","","","","","","","","","","","","","","","","","","","","","","","","","","","","","","","","","","","","","","","","","","","","","","","","","","","","",
"Morocco","MAR","Poverty gap at $6.85 a day (2017 PPP) (%)","SI.POV.UMIC.GP","","","","","","","","","","","","","","","","","","","","","","","","","34.6","","","","","","23.7","","","","","","","","29.5","","29.5","","","","","","22","","","","","","","13.1","","","","","","","","","",
"Monaco","MCO","Poverty gap at $6.85 a day (2017 PPP) (%)","SI.POV.UMIC.GP","","","","","","","","","","","","","","","","","","","","","","","","","","","","","","","","","","","","","","","","","","","","","","","","","","","","","","","","","","","","","","","",
"Moldova","MDA","Poverty gap at $6.85 a day (2017 PPP) (%)","SI.POV.UMIC.GP","","","","","","","","","","","","","","","","","","","","","","","","","","","","","","","","","","","","","","34.9","44.4","52","51.6","45.5","35.3","27.5","28.2","33.3","13.4","9.6","10","9.5","7.8","6.4","5.9","4.4","3.8","3.3","3.3","3.3","2.6","2.6","","2.5","",
"Madagascar","MDG","Poverty gap at $6.85 a day (2017 PPP) (%)","SI.POV.UMIC.GP","","","","","","","","","","","","","","","","","","","","","59.5","","","","","","","","","","","","","73","","","","71.8","","70.8","","71.9","","","","73.3","","","","","76.7","","77.6","","","","","","","","","","",
"Maldives","MDV","Poverty gap at $6.85 a day (2017 PPP) (%)","SI.POV.UMIC.GP","","","","","","","","","","","","","","","","","","","","","","","","","","","","","","","","","","","","","","","","","","","28","","","","","","","18.7","","","","","","","1","","","0.5","","","",
"Middle East & North Africa","MEA","Poverty gap at $6.85 a day (2017 PPP) (%)","SI.POV.UMIC.GP","","","","","","","","","","","","","","","","","","","","","","","","","","26.4","26.9","27.1","27.1","27.5","25.2","27.4","26","25.3","25.3","26","25.2","24.1","22.3","21.4","20.2","20.2","","21","19.1","18.3","18.3","17.6","17.1","16.5","15.3","14.6","14.4","14.8","14.7","16.2","16.6","18.2","19.5","","","","",
"Mexico","MEX","Poverty gap at $6.85 a day (2017 PPP) (%)","SI.POV.UMIC.GP","","","","","","","","","","","","","","","","","","","","","","","","","","","","","","23","","","19.9","","19.6","","32.1","","25.7","","20.8","","18.6","","16.5","16.5","14","","14.9","","14.1","","13.2","","13.6","","12","","10.7","","11.4","","",
"Marshall Islands","MHL","Poverty gap at $6.85 a day (2017 PPP) (%)","SI.POV.UMIC.GP","","","","","","","","","","","","","","","","","","","","","","","","","","","","","","","","","","","","","","","","","","","","","","","","","","","","","","","","","","","","8.8","","","",
"Middle income","MIC","Poverty gap at $6.85 a day (2017 PPP) (%)","SI.POV.UMIC.GP","","","","","","","","","","","","","","","","","","","","","","","","","","","","","","","","","","","","","","","","","","","","","","","","","","","","","","","","","","","","","","","",
"North Macedonia","MKD","Poverty gap at $6.85 a day (2017 PPP) (%)","SI.POV.UMIC.GP","","","","","","","","","","","","","","","","","","","","","","","","","","","","","","","","","","","","","","","","","","","","","","","","","","18.3","17.8","16","14.7","13","11.3","11","9.9","9.1","7.8","7.3","","","",
"Mali","MLI","Poverty gap at $6.85 a day (2017 PPP) (%)","SI.POV.UMIC.GP","","","","","","","","","","","","","","","","","","","","","","","","","","","","","","","","","","","80.8","","","","","","","64.5","","","","","60.6","","","61","","","","","","","","","39.3","","","","",
"Malta","MLT","Poverty gap at $6.85 a day (2017 PPP) (%)","SI.POV.UMIC.GP","","","","","","","","","","","","","","","","","","","","","","","","","","","","","","","","","","","","","","","","","","","","","","","0.5","0.6","0.2","0.5","0.3","0.3","0.2","0.1","0","0.1","0.2","0.2","0.2","0.4","0.5","","",
"Myanmar","MMR","Poverty gap at $6.85 a day (2017 PPP) (%)","SI.POV.UMIC.GP","","","","","","","","","","","","","","","","","","","","","","","","","","","","","","","","","","","","","","","","","","","","","","","","","","","","","","","","29.7","","23.5","","","","","",
"Middle East & North Africa (excluding high income)","MNA","Poverty gap at $6.85 a day (2017 PPP) (%)","SI.POV.UMIC.GP","","","","","","","","","","","","","","","","","","","","","","","","","","","","","","","","","","","","","","","","","","","","","","","","","","","","","","","","","","","","","","","",
"Montenegro","MNE","Poverty gap at $6.85 a day (2017 PPP) (%)","SI.POV.UMIC.GP","","","","","","","","","","","","","","","","","","","","","","","","","","","","","","","","","","","","","","","","","","","","","","","","","","","","","10.4","8.5","8.3","7.8","6.7","7.1","6.9","","","","",
"Mongolia","MNG","Poverty gap at $6.85 a day (2017 PPP) (%)","SI.POV.UMIC.GP","","","","","","","","","","","","","","","","","","","","","","","","","","","","","","","","","","","","36.6","","","52.5","","","","34.4","","","","","17.4","","","15.9","13.2","9.5","","7.3","","12.3","","10.9","","","","",
"Northern Mariana Islands","MNP","Poverty gap at $6.85 a day (2017 PPP) (%)","SI.POV.UMIC.GP","","","","","","","","","","","","","","","","","","","","","","","","","","","","","","","","","","","","","","","","","","","","","","","","","","","","","","","","","","","","","","","",
"Mozambique","MOZ","Poverty gap at $6.85 a day (2017 PPP) (%)","SI.POV.UMIC.GP","","","","","","","","","","","","","","","","","","","","","","","","","","","","","","","","","","","","","79.5","","","","","","77.1","","","","","","72.5","","","","","","67.6","","","","","","","","",
"Mauritania","MRT","Poverty gap at $6.85 a day (2017 PPP) (%)","SI.POV.UMIC.GP","","","","","","","","","","","","","","","","","","","","","","","","","","","","55.8","","","","","","56.4","","43.3","","","","","41.3","","","","41.5","","","","32.3","","","","","","26.5","","","","","","","","",
"Mauritius","MUS","Poverty gap at $6.85 a day (2017 PPP) (%)","SI.POV.UMIC.GP","","","","","","","","","","","","","","","","","","","","","","","","","","","","","","","","","","","","","","","","","","","","","","","5.5","","","","","","4.7","","","","","3.1","","","","","",
"Malawi","MWI","Poverty gap at $6.85 a day (2017 PPP) (%)","SI.POV.UMIC.GP","","","","","","","","","","","","","","","","","","","","","","","","","","","","","","","","","","","","","","64.6","","","","","","","70.6","","","","","","70.6","","","","","","69.2","","","71.3","","","",
"Malaysia","MYS","Poverty gap at $6.85 a day (2017 PPP) (%)","SI.POV.UMIC.GP","","","","","","","","","","","","","","","","","","","","","","","","","15","","","14.9","","14.4","","","13.6","","","13.3","","9.3","","","","","","9.5","","","6.8","","6.9","","","3.3","","1.4","","1","","","0.6","","","","",
"North America","NAC","Poverty gap at $6.85 a day (2017 PPP) (%)","SI.POV.UMIC.GP","","","","","","","","","","","","","","","","","","","","","","","","","","","","","","","","","","","","","","","","","","","","","","","","","","","","","","","","","","","","","","","",
"Namibia","NAM","Poverty gap at $6.85 a day (2017 PPP) (%)","SI.POV.UMIC.GP","","","","","","","","","","","","","","","","","","","","","","","","","","","","","","","","","","","","","","","","","","","","47.6","","","","","","41.4","","","","","","28.8","","","","","","","",
"New Caledonia","NCL","Poverty gap at $6.85 a day (2017 PPP) (%)","SI.POV.UMIC.GP","","","","","","","","","","","","","","","","","","","","","","","","","","","","","","","","","","","","","","","","","","","","","","","","","","","","","","","","","","","","","","","",
"Niger","NER","Poverty gap at $6.85 a day (2017 PPP) (%)","SI.POV.UMIC.GP","","","","","","","","","","","","","","","","","","","","","","","","","","","","","","","","","78.5","","81.1","","","","","","","","","","","77.2","","75","","","","67.2","","","64.1","","","","62.1","","","","",
"Nigeria","NGA","Poverty gap at $6.85 a day (2017 PPP) (%)","SI.POV.UMIC.GP","","","","","","","","","","","","","","","","","","","","","","","","","","59.9","","","","","","","61.5","","","","64.9","","","","","","","60.5","","","","","","","52.6","","52","","","50.8","","","50.9","","","","",
"Nicaragua","NIC","Poverty gap at $6.85 a day (2017 PPP) (%)","SI.POV.UMIC.GP","","","","","","","","","","","","","","","","","","","","","","","","","","","","","","","","","","49.6","","","","","41.3","","","34.5","","","","26.7","","","","23.8","","","","","15.6","","","","","","","","",
"Netherlands","NLD","Poverty gap at $6.85 a day (2017 PPP) (%)","SI.POV.UMIC.GP","","","","","","","","","","","","","","","","","","","","","","","","1.4","","","","0.4","","","1.2","","","1.8","","","","","","0.4","","","","","0.4","0.2","0.1","0.1","0.2","0.2","0.1","0.2","0.1","0.1","0.2","0.2","0.1","0.2","0.2","0.1","0.1","","",
"Norway","NOR","Poverty gap at $6.85 a day (2017 PPP) (%)","SI.POV.UMIC.GP","","","","","","","","","","","","","","","","","","","","0.5","","","","","","","0.2","","","","","0.4","","","","0.5","","","","","0.3","","","0.2","0.4","0.3","0.3","0.3","0.3","0.1","0.2","0.1","0.2","0.2","0.2","0.2","0.4","0.3","0.3","0.2","","","",
"Nepal","NPL","Poverty gap at $6.85 a day (2017 PPP) (%)","SI.POV.UMIC.GP","","","","","","","","","","","","","","","","","","","","","","","","","","","","","","","","","","","","64.3","","","","","","","","55.1","","","","","","","35.7","","","","","","","","","","","","",
"Nauru","NRU","Poverty gap at $6.85 a day (2017 PPP) (%)","SI.POV.UMIC.GP","","","","","","","","","","","","","","","","","","","","","","","","","","","","","","","","","","","","","","","","","","","","","","","","","","","","","22.4","","","","","","","","","","",
"New Zealand","NZL","Poverty gap at $6.85 a day (2017 PPP) (%)","SI.POV.UMIC.GP","","","","","","","","","","","","","","","","","","","","","","","","","","","","","","","","","","","","","","","","","","","","","","","","","","","","","","","","","","","","","","","",
"OECD members","OED","Poverty gap at $6.85 a day (2017 PPP) (%)","SI.POV.UMIC.GP","","","","","","","","","","","","","","","","","","","","","","","","","","","","","","","","","","","","","","","","","","","","","","","","","","","","","","","","","","","","","","","",
"Oman","OMN","Poverty gap at $6.85 a day (2017 PPP) (%)","SI.POV.UMIC.GP","","","","","","","","","","","","","","","","","","","","","","","","","","","","","","","","","","","","","","","","","","","","","","","","","","","","","","","","","","","","","","","",
"Other small states","OSS","Poverty gap at $6.85 a day (2017 PPP) (%)","SI.POV.UMIC.GP","","","","","","","","","","","","","","","","","","","","","","","","","","","","","","","","","","","","","","","","","","","","","","","","","","","","","","","","","","","","","","","",
"Pakistan","PAK","Poverty gap at $6.85 a day (2017 PPP) (%)","SI.POV.UMIC.GP","","","","","","","","","","","","","","","","","","","","","","","","","","","","69.9","","","69.3","","","","","","52.3","","54","","","57.1","","","49.6","49.7","","46.9","","","43.1","42.4","","39.2","","36.1","","","36.3","","","","",
"Panama","PAN","Poverty gap at $6.85 a day (2017 PPP) (%)","SI.POV.UMIC.GP","","","","","","","","","","","","","","","","","","","","16.9","","","","","","","","","","30.2","","27.7","","","","22.2","","20.8","21.1","19.1","17.7","21.1","17.8","17.2","16.2","15.7","16.1","13.6","9.8","8.5","9","7.3","8","7","7","5.9","5.8","5.5","4.7","4.3","","4.7","",
"Peru","PER","Poverty gap at $6.85 a day (2017 PPP) (%)","SI.POV.UMIC.GP","","","","","","","","","","","","","","","","","","","","","","","","","","","","","","","","","","","","","","31.8","31.8","32.2","31.5","33.1","30.2","28.7","29.2","31","27.5","23.9","21.1","19.5","17","15.8","14.5","13.9","13.2","12.8","12.6","12.6","11.3","10.5","17.3","11.6","",
"Philippines","PHL","Poverty gap at $6.85 a day (2017 PPP) (%)","SI.POV.UMIC.GP","","","","","","","","","","","","","","","","","","","","","","","","","","","","","","","","","","","","","","","","","33.2","","","32.3","","","33.2","","","30.6","","","30","","","25.2","","","19.7","","","20","",
"Palau","PLW","Poverty gap at $6.85 a day (2017 PPP) (%)","SI.POV.UMIC.GP","","","","","","","","","","","","","","","","","","","","","","","","","","","","","","","","","","","","","","","","","","","","","","","","","","","","","","","","","","","","","","","",
"Papua New Guinea","PNG","Poverty gap at $6.85 a day (2017 PPP) (%)","SI.POV.UMIC.GP","","","","","","","","","","","","","","","","","","","","","","","","","","","","","","","","","","","","","61","","","","","","","","","","","","","55","","","","","","","","","","","","","",
"Poland","POL","Poverty gap at $6.85 a day (2017 PPP) (%)","SI.POV.UMIC.GP","","","","","","","","","","","","","","","","","","","","","","","","","","","","","","","","","","","","","","","","","","","","","5.8","3.8","2.7","1.7","1.2","1.3","1.3","1.2","1.2","1.2","1.2","1.1","0.8","0.6","0.5","0.2","","","",
"Pre-demographic dividend","PRE","Poverty gap at $6.85 a day (2017 PPP) (%)","SI.POV.UMIC.GP","","","","","","","","","","","","","","","","","","","","","","","","","","","","","","","","","","","","","","","","","","","","","","","","","","","","","","","","","","","","","","","",
"Puerto Rico","PRI","Poverty gap at $6.85 a day (2017 PPP) (%)","SI.POV.UMIC.GP","","","","","","","","","","","","","","","","","","","","","","","","","","","","","","","","","","","","","","","","","","","","","","","","","","","","","","","","","","","","","","","",
"Korea, Dem. People's Rep.","PRK","Poverty gap at $6.85 a day (2017 PPP) (%)","SI.POV.UMIC.GP","","","","","","","","","","","","","","","","","","","","","","","","","","","","","","","","","","","","","","","","","","","","","","","","","","","","","","","","","","","","","","","",
"Portugal","PRT","Poverty gap at $6.85 a day (2017 PPP) (%)","SI.POV.UMIC.GP","","","","","","","","","","","","","","","","","","","","","","","","","","","","","","","","","","","","","","","","","","","","1.6","1.2","1.2","0.8","0.8","0.9","0.6","0.7","1.1","1.9","2","1.6","1.3","1.1","0.8","0.8","0.4","1","","",
"Paraguay","PRY","Poverty gap at $6.85 a day (2017 PPP) (%)","SI.POV.UMIC.GP","","","","","","","","","","","","","","","","","","","","","","","","","","","","","","","6.7","","","","","21.6","","18.8","","18.9","","18","24.7","19.4","17.2","15.8","18.9","16.8","14.3","14.6","13.7","13","10.4","8","8.2","8.1","8.1","6.7","6.6","6.2","6.9","6.2","",
"West Bank and Gaza","PSE","Poverty gap at $6.85 a day (2017 PPP) (%)","SI.POV.UMIC.GP","","","","","","","","","","","","","","","","","","","","","","","","","","","","","","","","","","","","","","","","","","","","","6","5.7","4.7","7.7","","4.1","4.4","4.1","","","","","5.3","","","","","","",
"Pacific island small states","PSS","Poverty gap at $6.85 a day (2017 PPP) (%)","SI.POV.UMIC.GP","","","","","","","","","","","","","","","","","","","","","","","","","","","","","","","","","","","","","","","","","","","","","","","","","","","","","","","","","","","","","","","",
"Post-demographic dividend","PST","Poverty gap at $6.85 a day (2017 PPP) (%)","SI.POV.UMIC.GP","","","","","","","","","","","","","","","","","","","","","","","","","","","","","","","","","","","","","","","","","","","","","","","","","","","","","","","","","","","","","","","",
"French Polynesia","PYF","Poverty gap at $6.85 a day (2017 PPP) (%)","SI.POV.UMIC.GP","","","","","","","","","","","","","","","","","","","","","","","","","","","","","","","","","","","","","","","","","","","","","","","","","","","","","","","","","","","","","","","",
"Qatar","QAT","Poverty gap at $6.85 a day (2017 PPP) (%)","SI.POV.UMIC.GP","","","","","","","","","","","","","","","","","","","","","","","","","","","","","","","","","","","","","","","","","","","","","","","","","","","","","","","","","","","","","","","",
"Romania","ROU","Poverty gap at $6.85 a day (2017 PPP) (%)","SI.POV.UMIC.GP","","","","","","","","","","","","","","","","","","","","","","","","","","","","","","","","","","","","","","","","","","","","","","","17.6","14.1","10.9","10.1","11.3","13.2","13.5","14.2","13.3","11.6","8.6","6.8","5.5","4.6","4.1","","",
"Russian Federation","RUS","Poverty gap at $6.85 a day (2017 PPP) (%)","SI.POV.UMIC.GP","","","","","","","","","","","","","","","","","","","","","","","","","","","","","","","","","","","","","","9.5","12.1","17.9","14.9","11.4","9.1","8.8","7.6","6.4","5","3.5","2.1","2","1.6","1.3","1.2","1.1","1","1.1","1.1","1.1","1","0.8","0.8","","",
"Rwanda","RWA","Poverty gap at $6.85 a day (2017 PPP) (%)","SI.POV.UMIC.GP","","","","","","","","","","","","","","","","","","","","","","","","","","","","","","","","","","","","","","","","","73.4","","","","","68.2","","","","","64.9","","","62.2","","","61.2","","","","","","",
"South Asia","SAS","Poverty gap at $6.85 a day (2017 PPP) (%)","SI.POV.UMIC.GP","","","","","","","","","","","","","","","","","","","","","","66.7","66.5","65.8","65.1","64.4","64","63.8","63.2","63","62.9","62.6","61.8","61.3","60.9","60","59.3","","","","","","57.9","57.2","56.2","55.3","54.6","53.6","53","52.3","50.7","47.9","46.7","46.2","45.7","45.1","44.4","41.9","38.7","37.2","","","",
"Saudi Arabia","SAU","Poverty gap at $6.85 a day (2017 PPP) (%)","SI.POV.UMIC.GP","","","","","","","","","","","","","","","","","","","","","","","","","","","","","","","","","","","","","","","","","","","","","","","","","","","","","","","","","","","","","","","",
"Sudan","SDN","Poverty gap at $6.85 a day (2017 PPP) (%)","SI.POV.UMIC.GP","","","","","","","","","","","","","","","","","","","","","","","","","","","","","","","","","","","","","","","","","","","","","","","","","","40.8","","","","","42.1","","","","","","","","",
"Senegal","SEN","Poverty gap at $6.85 a day (2017 PPP) (%)","SI.POV.UMIC.GP","","","","","","","","","","","","","","","","","","","","","","","","","","","","","","","","72.1","","","66.9","","","","","","","62","","","","56.2","","","","","","56.2","","","","","","","33.1","","","","",
"Singapore","SGP","Poverty gap at $6.85 a day (2017 PPP) (%)","SI.POV.UMIC.GP","","","","","","","","","","","","","","","","","","","","","","","","","","","","","","","","","","","","","","","","","","","","","","","","","","","","","","","","","","","","","","","",
"Solomon Islands","SLB","Poverty gap at $6.85 a day (2017 PPP) (%)","SI.POV.UMIC.GP","","","","","","","","","","","","","","","","","","","","","","","","","","","","","","","","","","","","","","","","","","","","","","59.9","","","","","","","48.5","","","","","","","","","","",
"Sierra Leone","SLE","Poverty gap at $6.85 a day (2017 PPP) (%)","SI.POV.UMIC.GP","","","","","","","","","","","","","","","","","","","","","","","","","","","","","","72.9","","","","","","","","","","","","","","66.3","","","","","","","","56.2","","","","","","","49.9","","","","",
"El Salvador","SLV","Poverty gap at $6.85 a day (2017 PPP) (%)","SI.POV.UMIC.GP","","","","","","","","","","","","","","","","","","","","","","","","","","","","","","30.7","","35.3","","","","27.3","28.6","","31.6","28.6","24.2","25.5","25.8","26.8","23.6","23.3","20.5","17.9","20.9","20.6","19.6","19","17.5","15.6","15.3","13.5","13.4","12","10.8","8.8","","10.1","",
"San Marino","SMR","Poverty gap at $6.85 a day (2017 PPP) (%)","SI.POV.UMIC.GP","","","","","","","","","","","","","","","","","","","","","","","","","","","","","","","","","","","","","","","","","","","","","","","","","","","","","","","","","","","","","","","",
"Somalia","SOM","Poverty gap at $6.85 a day (2017 PPP) (%)","SI.POV.UMIC.GP","","","","","","","","","","","","","","","","","","","","","","","","","","","","","","","","","","","","","","","","","","","","","","","","","","","","","","","","","","","","","","","",
"Serbia","SRB","Poverty gap at $6.85 a day (2017 PPP) (%)","SI.POV.UMIC.GP","","","","","","","","","","","","","","","","","","","","","","","","","","","","","","","","","","","","","","","","","","","","","","","","","","","","","10.6","12","12.9","12.1","11.4","9.6","6.6","4.6","3.6","","",
"Sub-Saharan Africa (excluding high income)","SSA","Poverty gap at $6.85 a day (2017 PPP) (%)","SI.POV.UMIC.GP","","","","","","","","","","","","","","","","","","","","","","","","","","","","","","","","","","","","","","","","","","","","","","","","","","","","","","","","","","","","","","","",
"South Sudan","SSD","Poverty gap at $6.85 a day (2017 PPP) (%)","SI.POV.UMIC.GP","","","","","","","","","","","","","","","","","","","","","","","","","","","","","","","","","","","","","","","","","","","","","","","","","","48","","","","","","","70.5","","","","","","",
"Sub-Saharan Africa","SSF","Poverty gap at $6.85 a day (2017 PPP) (%)","SI.POV.UMIC.GP","","","","","","","","","","","","","","","","","","","","","","","","","","","","","","","61.2","62.2","63.1","64.1","64.5","64.1","63.5","63.3","63.4","63.4","63.4","63","62.5","62","60.6","59.6","58.6","57.7","56.8","56.6","55.5","54.8","54.2","53.5","52.7","52.7","52.4","51.9","51.2","50.8","","","",
"Small states","SST","Poverty gap at $6.85 a day (2017 PPP) (%)","SI.POV.UMIC.GP","","","","","","","","","","","","","","","","","","","","","","","","","","","","","","","","","","","","","","","","","","","","","","","","","","","","","","","","","","","","","","","",
"Sao Tome and Principe","STP","Poverty gap at $6.85 a day (2017 PPP) (%)","SI.POV.UMIC.GP","","","","","","","","","","","","","","","","","","","","","","","","","","","","","","","","","","","","","","","","","44.3","","","","","","","","","","47.6","","","","","","","38.5","","","","","",
"Suriname","SUR","Poverty gap at $6.85 a day (2017 PPP) (%)","SI.POV.UMIC.GP","","","","","","","","","","","","","","","","","","","","","","","","","","","","","","","","","","","","","","","","26.3","","","","","","","","","","","","","","","","","","","","","","","",
"Slovak Republic","SVK","Poverty gap at $6.85 a day (2017 PPP) (%)","SI.POV.UMIC.GP","","","","","","","","","","","","","","","","","","","","","","","","","","","","","","","","","","","","","","","","","","","","","2.1","1.4","1.1","1.1","1.2","1.3","1.2","1.1","1.4","1.5","1.9","1.4","2.2","1.1","1.3","0.6","","","",
"Slovenia","SVN","Poverty gap at $6.85 a day (2017 PPP) (%)","SI.POV.UMIC.GP","","","","","","","","","","","","","","","","","","","","","","","","","","","","","","","","","","","","","","","","","","","","","0.2","0.2","0.1","0.1","0","0.1","0","0","0.1","0.1","0.1","0","0","0","0","0","0","","",
"Sweden","SWE","Poverty gap at $6.85 a day (2017 PPP) (%)","SI.POV.UMIC.GP","","","","","","","","","","","","","","","","0.6","","","","","","0.5","","","","","","0.3","","","","","0.4","","","0.6","","","","","0.1","","","0.5","0.6","1.2","0.5","0.6","0.7","0.7","0.8","0.8","0.6","0.8","0.7","0.7","0.5","0.3","0.9","0.4","0.5","","",
"Eswatini","SWZ","Poverty gap at $6.85 a day (2017 PPP) (%)","SI.POV.UMIC.GP","","","","","","","","","","","","","","","","","","","","","","","","","","","","","","","","","","","82.5","","","","","","61.3","","","","","","","","","57.6","","","","","","","47.4","","","","","","",
"Sint Maarten (Dutch part)","SXM","Poverty gap at $6.85 a day (2017 PPP) (%)","SI.POV.UMIC.GP","","","","","","","","","","","","","","","","","","","","","","","","","","","","","","","","","","","","","","","","","","","","","","","","","","","","","","","","","","","","","","","",
"Seychelles","SYC","Poverty gap at $6.85 a day (2017 PPP) (%)","SI.POV.UMIC.GP","","","","","","","","","","","","","","","","","","","","","","","","","","","","","","","","","","","","","","","","","","","","","","","","","","","","","","3.3","","","","","2","","","","",
"Syrian Arab Republic","SYR","Poverty gap at $6.85 a day (2017 PPP) (%)","SI.POV.UMIC.GP","","","","","","","","","","","","","","","","","","","","","","","","","","","","","","","","","","","","","22.1","","","","","","","15.7","","","","","","","","","","","","","","","","","","","",
"Turks and Caicos Islands","TCA","Poverty gap at $6.85 a day (2017 PPP) (%)","SI.POV.UMIC.GP","","","","","","","","","","","","","","","","","","","","","","","","","","","","","","","","","","","","","","","","","","","","","","","","","","","","","","","","","","","","","","","",
"Chad","TCD","Poverty gap at $6.85 a day (2017 PPP) (%)","SI.POV.UMIC.GP","","","","","","","","","","","","","","","","","","","","","","","","","","","","","","","","","","","","","","","","","","","","65.7","","","","","","","","52.5","","","","","","","50.9","","","","",
"East Asia & Pacific (IDA & IBRD countries)","TEA","Poverty gap at $6.85 a day (2017 PPP) (%)","SI.POV.UMIC.GP","","","","","","","","","","","","","","","","","","","","","","","","","","","","","","","","","","","","","","","","","","","","","","","","","","","","","","","","","","","","","","","",
"Europe & Central Asia (IDA & IBRD countries)","TEC","Poverty gap at $6.85 a day (2017 PPP) (%)","SI.POV.UMIC.GP","","","","","","","","","","","","","","","","","","","","","","","","","","","","","","","","","","","","","","","","","","","","","","","","","","","","","","","","","","","","","","","",
"Togo","TGO","Poverty gap at $6.85 a day (2017 PPP) (%)","SI.POV.UMIC.GP","","","","","","","","","","","","","","","","","","","","","","","","","","","","","","","","","","","","","","","","","","","","","","","65.7","","","","","64.9","","","","63.2","","","46.4","","","","",
"Thailand","THA","Poverty gap at $6.85 a day (2017 PPP) (%)","SI.POV.UMIC.GP","","","","","","","","","","","","","","","","","","","","","","40","","","","","","","37.7","","34.8","","30","","24.3","","20.9","","20.2","22.9","23.2","","18.1","","14.9","","11.7","10.3","9.3","8.2","7.2","5.3","5.4","4.5","4.2","2.8","3.2","3.1","3.3","2.5","2.6","2.4","",
"Tajikistan","TJK","Poverty gap at $6.85 a day (2017 PPP) (%)","SI.POV.UMIC.GP","","","","","","","","","","","","","","","","","","","","","","","","","","","","","","","","","","","","","","","","69.2","","","","56.4","45.5","","","38.7","","30.8","","","","","","26.2","","","","","","","",
"Turkmenistan","TKM","Poverty gap at $6.85 a day (2017 PPP) (%)","SI.POV.UMIC.GP","","","","","","","","","","","","","","","","","","","","","","","","","","","","","","","","","","","","","","","56.7","","","","","","","","","","","","","","","","","","","","","","","","",
"Latin America & the Caribbean (IDA & IBRD countries)","TLA","Poverty gap at $6.85 a day (2017 PPP) (%)","SI.POV.UMIC.GP","","","","","","","","","","","","","","","","","","","","","","","","","","","","","","","","","","","","","","","","","","","","","","","","","","","","","","","","","","","","","","","",
"Timor-Leste","TLS","Poverty gap at $6.85 a day (2017 PPP) (%)","SI.POV.UMIC.GP","","","","","","","","","","","","","","","","","","","","","","","","","","","","","","","","","","","","","","","","","","57","","","","","","60.1","","","","","","","52.4","","","","","","","","",
"Middle East & North Africa (IDA & IBRD countries)","TMN","Poverty gap at $6.85 a day (2017 PPP) (%)","SI.POV.UMIC.GP","","","","","","","","","","","","","","","","","","","","","","","","","","","","","","","","","","","","","","","","","","","","","","","","","","","","","","","","","","","","","","","",
"Tonga","TON","Poverty gap at $6.85 a day (2017 PPP) (%)","SI.POV.UMIC.GP","","","","","","","","","","","","","","","","","","","","","","","","","","","","","","","","","","","","","","","","","11.6","","","","","","","","","12.5","","","","","","15.8","","","","","","","",
"South Asia (IDA & IBRD)","TSA","Poverty gap at $6.85 a day (2017 PPP) (%)","SI.POV.UMIC.GP","","","","","","","","","","","","","","","","","","","","","","","","","","","","","","","","","","","","","","","","","","","","","","","","","","","","","","","","","","","","","","","",
"Sub-Saharan Africa (IDA & IBRD countries)","TSS","Poverty gap at $6.85 a day (2017 PPP) (%)","SI.POV.UMIC.GP","","","","","","","","","","","","","","","","","","","","","","","","","","","","","","","","","","","","","","","","","","","","","","","","","","","","","","","","","","","","","","","",
"Trinidad and Tobago","TTO","Poverty gap at $6.85 a day (2017 PPP) (%)","SI.POV.UMIC.GP","","","","","","","","","","","","","","","","","","","","","","","","","","","","","6.6","","","","10.6","","","","","","","","","","","","","","","","","","","","","","","","","","","","","","",
"Tunisia","TUN","Poverty gap at $6.85 a day (2017 PPP) (%)","SI.POV.UMIC.GP","","","","","","","","","","","","","","","","","","","","","","","","","","30.5","","","","","25.4","","","","","26.1","","","","","19.7","","","","","14.4","","","","","9.5","","","","","4.4","","","","","","","",
"Turkiye","TUR","Poverty gap at $6.85 a day (2017 PPP) (%)","SI.POV.UMIC.GP","","","","","","","","","","","","","","","","","","","","","","","","","","","","15.5","","","","","","","15.6","","","","","","","","13.6","15.5","10.9","10.2","8.7","7.4","6.2","5.9","5.7","4.8","4.4","3.8","3.5","3.8","3.1","2.8","2.6","3.5","","","",
"Tuvalu","TUV","Poverty gap at $6.85 a day (2017 PPP) (%)","SI.POV.UMIC.GP","","","","","","","","","","","","","","","","","","","","","","","","","","","","","","","","","","","","","","","","","","","","","","","","","","","20.6","","","","","","","","","","","","",
"Tanzania","TZA","Poverty gap at $6.85 a day (2017 PPP) (%)","SI.POV.UMIC.GP","","","","","","","","","","","","","","","","","","","","","","","","","","","","","","","","71.2","","","","","","","","","79.5","","","","","","","64.4","","","","59","","","","","","","58","","","","",
"Uganda","UGA","Poverty gap at $6.85 a day (2017 PPP) (%)","SI.POV.UMIC.GP","","","","","","","","","","","","","","","","","","","","","","","","","","","","","","66.4","","","69.7","","","","68.8","","","70.5","","","68.8","","","64.6","","","","58.7","","","53.9","","","","56","","","56.4","","","",
"Ukraine","UKR","Poverty gap at $6.85 a day (2017 PPP) (%)","SI.POV.UMIC.GP","","","","","","","","","","","","","","","","","","","","","","","","","","","","","","","","","19.2","18.5","","24.4","28.3","","","","","","20.8","16","12.4","7.8","6.3","5.9","3.3","3.9","2.6","2.2","1.8","1.4","1.5","3.1","2.8","2.2","1.7","1.3","1.3","","",
"Upper middle income","UMC","Poverty gap at $6.85 a day (2017 PPP) (%)","SI.POV.UMIC.GP","","","","","","","","","","","","","","","","","","","","","","","","","65.6","61.8","53.9","53.3","52","54.1","53.5","53.4","52.8","51.9","50.1","48.4","47.1","46.7","46.7","45.7","43.5","42","39.4","37.9","35.4","32.5","30.9","28.6","27.3","25.8","23.6","21.2","19.4","15.9","14.3","12.8","11.8","11","9.9","9","","","",
"Uruguay","URY","Poverty gap at $6.85 a day (2017 PPP) (%)","SI.POV.UMIC.GP","","","","","","","","","","","","","","","","","","","","","","","","","","","","","","","","","","","","","","","","","","","","","","","6.6","5.6","3.9","3.7","3.1","2.2","2.1","1.9","1.6","1.5","1.3","1.1","1.1","1.1","1.7","1.6","",
"United States","USA","Poverty gap at $6.85 a day (2017 PPP) (%)","SI.POV.UMIC.GP","","","","","","","","","","","","","","","1","","","","","0.9","0.8","0.9","1.1","1.1","0.9","1","0.9","0.8","0.7","0.6","0.7","0.8","0.8","0.8","0.9","0.8","0.8","0.9","1","0.8","0.9","1.1","1","1.2","1.2","1.2","1.2","1.2","1.2","1.1","1.3","1.3","1.2","1.2","1.4","1.4","1.3","1.4","1.2","1.1","0.6","","",
"Uzbekistan","UZB","Poverty gap at $6.85 a day (2017 PPP) (%)","SI.POV.UMIC.GP","","","","","","","","","","","","","","","","","","","","","","","","","","","","","","","","","","","","","","","66.9","","77.3","","75.9","77","","","","","","","","","","","","","","","","","","","",
"St. Vincent and the Grenadines","VCT","Poverty gap at $6.85 a day (2017 PPP) (%)","SI.POV.UMIC.GP","","","","","","","","","","","","","","","","","","","","","","","","","","","","","","","","","","","","","","","","","","","","","","","","","","","","","","","","","","","","","","","",
"Venezuela, RB","VEN","Poverty gap at $6.85 a day (2017 PPP) (%)","SI.POV.UMIC.GP","","","","","","","","","","","","","","","","","","","","","","16.8","","","","","","18.2","","13.2","","","13.1","","","22.8","","","22.3","24.6","","22.9","30.1","34.5","30.5","25.3","16.3","","","","","","","","","","","","","","","","",
"British Virgin Islands","VGB","Poverty gap at $6.85 a day (2017 PPP) (%)","SI.POV.UMIC.GP","","","","","","","","","","","","","","","","","","","","","","","","","","","","","","","","","","","","","","","","","","","","","","","","","","","","","","","","","","","","","","","",
"Virgin Islands (U.S.)","VIR","Poverty gap at $6.85 a day (2017 PPP) (%)","SI.POV.UMIC.GP","","","","","","","","","","","","","","","","","","","","","","","","","","","","","","","","","","","","","","","","","","","","","","","","","","","","","","","","","","","","","","","",
"Vietnam","VNM","Poverty gap at $6.85 a day (2017 PPP) (%)","SI.POV.UMIC.GP","","","","","","","","","","","","","","","","","","","","","","","","","","","","","","","","","58.9","","","","","48.9","","","","","50.7","","43.6","","38.1","","35","","16","","13","","11","","8.3","","6.9","","5.5","","",
"Vanuatu","VUT","Poverty gap at $6.85 a day (2017 PPP) (%)","SI.POV.UMIC.GP","","","","","","","","","","","","","","","","","","","","","","","","","","","","","","","","","","","","","","","","","","","","","","","","","","","37.2","","","","","","","","","32.5","","","",
"World","WLD","Poverty gap at $6.85 a day (2017 PPP) (%)","SI.POV.UMIC.GP","","","","","","","","","","","","","","","","","","","","","","","","","49.7","48.1","44.9","44.8","44.1","45","44.9","45","44.8","44.6","44.1","43.1","42.5","42.2","42.1","41.9","41","40.3","39.2","38.4","37","35.5","34.6","33.3","32.5","31.7","30.2","28.6","27.6","26.1","25.4","24.8","24.2","23.4","22.2","21.5","","","",
"Samoa","WSM","Poverty gap at $6.85 a day (2017 PPP) (%)","SI.POV.UMIC.GP","","","","","","","","","","","","","","","","","","","","","","","","","","","","","","","","","","","","","","","","","","","15.4","","","","","","14.4","","","","","13.4","","","","","","","","","",
"Kosovo","XKX","Poverty gap at $6.85 a day (2017 PPP) (%)","SI.POV.UMIC.GP","","","","","","","","","","","","","","","","","","","","","","","","","","","","","","","","","","","","","","","","","","","","24.5","","24.9","25","","","20.3","20.3","17.5","11.8","9.4","10.6","8.8","8.5","8.5","","","","","",
"Yemen, Rep.","YEM","Poverty gap at $6.85 a day (2017 PPP) (%)","SI.POV.UMIC.GP","","","","","","","","","","","","","","","","","","","","","","","","","","","","","","","","","","","","","","","28.6","","","","","","","36.8","","","","","","","","","44.2","","","","","","","","",
"South Africa","ZAF","Poverty gap at $6.85 a day (2017 PPP) (%)","SI.POV.UMIC.GP","","","","","","","","","","","","","","","","","","","","","","","","","","","","","","","","","","42.7","","","","","","","45.7","","","","","41.6","","","32.8","","31.9","","","","33.4","","","","","","","","",
"Zambia","ZMB","Poverty gap at $6.85 a day (2017 PPP) (%)","SI.POV.UMIC.GP","","","","","","","","","","","","","","","","","","","","","","","","","","","","","","","","64.2","","65.3","","","56.9","","57.7","","","","64.4","","65.8","","68","","","","69.5","","","","","65.6","","","","","","","",
"Zimbabwe","ZWE","Poverty gap at $6.85 a day (2017 PPP) (%)","SI.POV.UMIC.GP","","","","","","","","","","","","","","","","","","","","","","","","","","","","","","","","","","","","","","","","","","","","","","","","","","","","39.9","","","","","","48.8","","51.8","","","",
